Constituency,Const. No.,Leading Candidate,Leading Party,Trailing Candidate,Trailing Party,Margin,Round,Status
Achanta,56,SATYANARAYANA PITHANI,Telugu DesamiParty Wise State TrendsLeading In:0Won In:135Trailing In:0,CHERUKUVADA SRI RANGANADHA RAJU,"Yuvajana Sramika Rythu Congress Party
iParty Wise State TrendsLeading In:0Won In:11Trailing In:0",26554,14/14,Result Declared
Addanki,105,GOTTIPATI RAVI KUMAR,Telugu DesamiParty Wise State TrendsLeading In:0Won In:135Trailing In:0,CHINNA HANIMIREDDY PANEM,"Yuvajana Sramika Rythu Congress Party
iParty Wise State TrendsLeading In:0Won In:11Trailing In:0",24890,22/22,Result Declared
Adoni,146,DR. PARTHA SARATHI VALMIKI,Bharatiya Janata PartyiParty Wise State TrendsLeading In:0Won In:8Trailing In:0,Y. SAI PRASAD REDDY,"Yuvajana Sramika Rythu Congress Party
iParty Wise State TrendsLeading In:0Won In:11Trailing In:0",18164,19/19,Result Declared
Allagadda,134,AKHILA PRIYA BHUMA,Telugu DesamiParty Wise State TrendsLeading In:0Won In:135Trailing In:0,BRIJENDRA REDDY GANGULA (NANI),"Yuvajana Sramika Rythu Congress Party
iParty Wise State TrendsLeading In:0Won In:11Trailing In:0",12037,22/22,Result Declared
Alur,147,B. VIRUPAKSHI,Yuvajana Sramika Rythu Congress PartyiParty Wise State TrendsLeading In:0Won In:11Trailing In:0,B. VEERABHADRA GOWD,"Telugu Desam
iParty Wise State TrendsLeading In:0Won In:135Trailing In:0",2831,21/21,Result Declared
Amadalavalasa,6,KOONA RAVI KUMAR,Telugu DesamiParty Wise State TrendsLeading In:0Won In:135Trailing In:0,THAMMINENI SEETARAM,"Yuvajana Sramika Rythu Congress Party
iParty Wise State TrendsLeading In:0Won In:11Trailing In:0",35032,19/19,Result Declared
Amalapuram,44,AITHABATHULA ANANDARAO,Telugu DesamiParty Wise State TrendsLeading In:0Won In:135Trailing In:0,VISWARUPU PINIPE,"Yuvajana Sramika Rythu Congress Party
iParty Wise State TrendsLeading In:0Won In:11Trailing In:0",38628,17/17,Result Declared
Anakapalle,30,KONATHALA RAMAKRISHNA,Janasena PartyiParty Wise State TrendsLeading In:0Won In:21Trailing In:0,BHARATH KUMAR MALASALA,"Yuvajana Sramika Rythu Congress Party
iParty Wise State TrendsLeading In:0Won In:11Trailing In:0",65764,19/19,Result Declared
Anantapur Urban,153,DAGGUPATI PRASAD,Telugu DesamiParty Wise State TrendsLeading In:0Won In:135Trailing In:0,ANANTHA VENKATARAMI REDDY,"Yuvajana Sramika Rythu Congress Party
iParty Wise State TrendsLeading In:0Won In:11Trailing In:0",23023,21/21,Result Declared
Anaparthy,40,RAMAKRISHNA REDDY NALLAMILLI,Bharatiya Janata PartyiParty Wise State TrendsLeading In:0Won In:8Trailing In:0,DOCTOR.SATHI SURYANARAYANA REDDY,"Yuvajana Sramika Rythu Congress Party
iParty Wise State TrendsLeading In:0Won In:11Trailing In:0",20850,17/17,Result Declared
Araku Valley,28,REGAM MATYALINGAM,Yuvajana Sramika Rythu Congress PartyiParty Wise State TrendsLeading In:0Won In:11Trailing In:0,RAJARAO PANGI,"Bharatiya Janata Party
iParty Wise State TrendsLeading In:0Won In:8Trailing In:0",31877,23/23,Result Declared
Atmakur,115,ANAM.RAMANARAYANA REDDY,Telugu DesamiParty Wise State TrendsLeading In:0Won In:135Trailing In:0,MEKAPATI VIKRAM REDDY,"Yuvajana Sramika Rythu Congress Party
iParty Wise State TrendsLeading In:0Won In:11Trailing In:0",7576,22/22,Result Declared
Avanigadda,76,BUDDHAPRASAD MANDALI,Janasena PartyiParty Wise State TrendsLeading In:0Won In:21Trailing In:0,RAMESH BABU SIMHADRI,"Yuvajana Sramika Rythu Congress Party
iParty Wise State TrendsLeading In:0Won In:11Trailing In:0",46434,21/21,Result Declared
Badvel,124,DASARI SUDHA,Yuvajana Sramika Rythu Congress PartyiParty Wise State TrendsLeading In:0Won In:11Trailing In:0,BOJJA ROSHANNA,"Bharatiya Janata Party
iParty Wise State TrendsLeading In:0Won In:8Trailing In:0",18567,20/20,Result Declared
Banaganapalle,140,B.C. JANARDHAN REDDY,Telugu DesamiParty Wise State TrendsLeading In:0Won In:135Trailing In:0,KATASANI RAMI REDDY,"Yuvajana Sramika Rythu Congress Party
iParty Wise State TrendsLeading In:0Won In:11Trailing In:0",25566,24/24,Result Declared
Bapatla,92,VEGESANA NARENDRA VARMA RAJU,Telugu DesamiParty Wise State TrendsLeading In:0Won In:135Trailing In:0,KONA RAGHUPATHI,"Yuvajana Sramika Rythu Congress Party
iParty Wise State TrendsLeading In:0Won In:11Trailing In:0",27768,15/15,Result Declared
Bhimavaram,59,RAMANJANEYULU PULAPARTHI (ANJIBABU),Janasena PartyiParty Wise State TrendsLeading In:0Won In:21Trailing In:0,GRANDHI SRINIVAS,"Yuvajana Sramika Rythu Congress Party
iParty Wise State TrendsLeading In:0Won In:11Trailing In:0",66974,17/17,Result Declared
Bhimili,20,GANTA SRINIVASA RAO,Telugu DesamiParty Wise State TrendsLeading In:0Won In:135Trailing In:0,MUTTAMSETTI SRINIVASA RAO (AVANTHI SRINIVAS),"Yuvajana Sramika Rythu Congress Party
iParty Wise State TrendsLeading In:0Won In:11Trailing In:0",92401,26/26,Result Declared
Bobbili,14,R.V.S.K.K.RANGA RAO @ BABYNAYANA,Telugu DesamiParty Wise State TrendsLeading In:0Won In:135Trailing In:0,VENKATA CHINA APPALA NAIDU SAMBANGI,"Yuvajana Sramika Rythu Congress Party
iParty Wise State TrendsLeading In:0Won In:11Trailing In:0",44648,19/19,Result Declared
Chandragiri,166,VENKATA MANI PRASAD PULLIVARTHI,Telugu DesamiParty Wise State TrendsLeading In:0Won In:135Trailing In:0,CHEVIREDDY MOHITH REDDY,"Yuvajana Sramika Rythu Congress Party
iParty Wise State TrendsLeading In:0Won In:11Trailing In:0",43852,20/20,Result Declared
Cheepurupalle,15,KALAVENKATARAO KIMIDI,Telugu DesamiParty Wise State TrendsLeading In:0Won In:135Trailing In:0,BOTCHA SATYANARAYANA,"Yuvajana Sramika Rythu Congress Party
iParty Wise State TrendsLeading In:0Won In:11Trailing In:0",11971,20/20,Result Declared
Chilakaluripet,96,PRATHIPATI PULLARAO,Telugu DesamiParty Wise State TrendsLeading In:0Won In:135Trailing In:0,KAVATI SIVA NAGA MANOHAR NAIDU,"Yuvajana Sramika Rythu Congress Party
iParty Wise State TrendsLeading In:0Won In:11Trailing In:0",33262,18/18,Result Declared
Chintalapudi,68,ROSHAN KUMAR SONGA,Telugu DesamiParty Wise State TrendsLeading In:0Won In:135Trailing In:0,KAMBHAM VIJAYA RAJU,"Yuvajana Sramika Rythu Congress Party
iParty Wise State TrendsLeading In:0Won In:11Trailing In:0",27766,20/20,Result Declared
Chirala,106,MADDULURI MALA KONDAIAH,Telugu DesamiParty Wise State TrendsLeading In:0Won In:135Trailing In:0,KARANAM VENKATESH,"Yuvajana Sramika Rythu Congress Party
iParty Wise State TrendsLeading In:0Won In:11Trailing In:0",20984,16/16,Result Declared
Chittoor,172,GURAJALA JAGAN MOHAN (GJM),Telugu DesamiParty Wise State TrendsLeading In:0Won In:135Trailing In:0,M.C. VIJAYANANDA REDDY,"Yuvajana Sramika Rythu Congress Party
iParty Wise State TrendsLeading In:0Won In:11Trailing In:0",14604,17/17,Result Declared
Chodavaram,26,SURYA NAGA SANYASI RAJU KALIDINDI,Telugu DesamiParty Wise State TrendsLeading In:0Won In:135Trailing In:0,KARANAM DHARMASRI,"Yuvajana Sramika Rythu Congress Party
iParty Wise State TrendsLeading In:0Won In:11Trailing In:0",42189,18/18,Result Declared
Darsi,103,BUCHEPALLI SIVA PRASAD REDDY,Yuvajana Sramika Rythu Congress PartyiParty Wise State TrendsLeading In:0Won In:11Trailing In:0,GOTTIPATI LAKSHMI,"Telugu Desam
iParty Wise State TrendsLeading In:0Won In:135Trailing In:0",2456,21/21,Result Declared
Denduluru,64,CHINTAMANENI PRABHAKAR,Telugu DesamiParty Wise State TrendsLeading In:0Won In:135Trailing In:0,ABBAYA CHOWDARY KOTHARU,"Yuvajana Sramika Rythu Congress Party
iParty Wise State TrendsLeading In:0Won In:11Trailing In:0",26266,18/18,Result Declared
Dharmavaram,160,SATYA KUMAR YADAV,Bharatiya Janata PartyiParty Wise State TrendsLeading In:0Won In:8Trailing In:0,KETHIREDDY VENKATA RAMI REDDY,"Yuvajana Sramika Rythu Congress Party
iParty Wise State TrendsLeading In:0Won In:11Trailing In:0",3734,21/21,Result Declared
Dhone,141,KOTLA JAYA SURYA PRAKASH REDDY,Telugu DesamiParty Wise State TrendsLeading In:0Won In:135Trailing In:0,BUGGANA RAJA REDDY,"Yuvajana Sramika Rythu Congress Party
iParty Wise State TrendsLeading In:0Won In:11Trailing In:0",6049,21/21,Result Declared
Eluru,65,RADHA KRISHNAYYA BADETI,Telugu DesamiParty Wise State TrendsLeading In:0Won In:135Trailing In:0,ALLA KALI KRISHNA SRINIVAS,"Yuvajana Sramika Rythu Congress Party
iParty Wise State TrendsLeading In:0Won In:11Trailing In:0",62388,16/16,Result Declared
Etcherla,7,ESWARA RAO NADUKUDITI,Bharatiya Janata PartyiParty Wise State TrendsLeading In:0Won In:8Trailing In:0,KIRAN KUMAR GORLE,"Yuvajana Sramika Rythu Congress Party
iParty Wise State TrendsLeading In:0Won In:11Trailing In:0",29089,23/23,Result Declared
Gajapathinagaram,16,KONDAPALLI SRINIVAS,Telugu DesamiParty Wise State TrendsLeading In:0Won In:135Trailing In:0,APPALANARASAYYA BOTCHA,"Yuvajana Sramika Rythu Congress Party
iParty Wise State TrendsLeading In:0Won In:11Trailing In:0",25301,20/20,Result Declared
Gajuwaka,25,PALLA SRINIVAS RAO,Telugu DesamiParty Wise State TrendsLeading In:0Won In:135Trailing In:0,AVSS AMARNATH GUDIVADA,"Yuvajana Sramika Rythu Congress Party
iParty Wise State TrendsLeading In:0Won In:11Trailing In:0",95235,22/22,Result Declared
Gangadhara Nellore (SC),171,DR. VM. THOMAS,Telugu DesamiParty Wise State TrendsLeading In:0Won In:135Trailing In:0,K. KRUPALAKSHMI,"Yuvajana Sramika Rythu Congress Party
iParty Wise State TrendsLeading In:0Won In:11Trailing In:0",26011,20/20,Result Declared
Gannavaram,71,YARLAGADDA VENKATA RAO,Telugu DesamiParty Wise State TrendsLeading In:0Won In:135Trailing In:0,VAMSI VALLABHANENI,"Yuvajana Sramika Rythu Congress Party
iParty Wise State TrendsLeading In:0Won In:11Trailing In:0",37628,23/23,Result Declared
Gannavaram(SC),46,GIDDI. SATYANARAYANA,Janasena PartyiParty Wise State TrendsLeading In:0Won In:21Trailing In:0,VIPPARTHI . VENUGOPALARAO,"Yuvajana Sramika Rythu Congress Party
iParty Wise State TrendsLeading In:0Won In:11Trailing In:0",33367,19/19,Result Declared
Giddalur,112,ASHOK REDDY MUTHUMULA,Telugu DesamiParty Wise State TrendsLeading In:0Won In:135Trailing In:0,KUNDURU NAGARJUNA REDDY (KP),"Yuvajana Sramika Rythu Congress Party
iParty Wise State TrendsLeading In:0Won In:11Trailing In:0",973,21/21,Result Declared
Gopalapuram,66,MADDIPATI VENKATA RAJU,Telugu DesamiParty Wise State TrendsLeading In:0Won In:135Trailing In:0,TANETI VANITA,"Yuvajana Sramika Rythu Congress Party
iParty Wise State TrendsLeading In:0Won In:11Trailing In:0",26784,18/18,Result Declared
Gudivada,72,VENIGANDLA RAMU,Telugu DesamiParty Wise State TrendsLeading In:0Won In:135Trailing In:0,KODALI SRI VENKATESWARA RAO (NANI),"Yuvajana Sramika Rythu Congress Party
iParty Wise State TrendsLeading In:0Won In:11Trailing In:0",53040,17/17,Result Declared
Gudur,120,PASIM SUNIL KUMAR,Telugu DesamiParty Wise State TrendsLeading In:0Won In:135Trailing In:0,MERIGA MURALIDHAR,"Yuvajana Sramika Rythu Congress Party
iParty Wise State TrendsLeading In:0Won In:11Trailing In:0",21192,21/21,Result Declared
Guntakal,150,GUMMANUR JAYARAM,Telugu DesamiParty Wise State TrendsLeading In:0Won In:135Trailing In:0,Y. VENKATA RAMA REDDY,"Yuvajana Sramika Rythu Congress Party
iParty Wise State TrendsLeading In:0Won In:11Trailing In:0",6826,20/20,Result Declared
Guntur East,95,MOHAMMED NASEER AHMED,Telugu DesamiParty Wise State TrendsLeading In:0Won In:135Trailing In:0,NOORI FATHIMA SHAIK,"Yuvajana Sramika Rythu Congress Party
iParty Wise State TrendsLeading In:0Won In:11Trailing In:0",31962,19/19,Result Declared
Guntur West,94,GALLA MADHAVI,Telugu DesamiParty Wise State TrendsLeading In:0Won In:135Trailing In:0,RAJINI VIDADALA,"Yuvajana Sramika Rythu Congress Party
iParty Wise State TrendsLeading In:0Won In:11Trailing In:0",51150,21/21,Result Declared
Gurajala,100,YARAPATHINENI SRINIVASA RAO,Telugu DesamiParty Wise State TrendsLeading In:0Won In:135Trailing In:0,KASU MAHESH REDDY,"Yuvajana Sramika Rythu Congress Party
iParty Wise State TrendsLeading In:0Won In:11Trailing In:0",29486,23/23,Result Declared
Hindupur,157,NANDAMURI BALAKRISHNA,Telugu DesamiParty Wise State TrendsLeading In:0Won In:135Trailing In:0,DEEPIKA T N,"Yuvajana Sramika Rythu Congress Party
iParty Wise State TrendsLeading In:0Won In:11Trailing In:0",32597,19/19,Result Declared
Ichchapuram,1,ASHOK BENDALAM,Telugu DesamiParty Wise State TrendsLeading In:0Won In:135Trailing In:0,PIRIYA VIJAYA,"Yuvajana Sramika Rythu Congress Party
iParty Wise State TrendsLeading In:0Won In:11Trailing In:0",39783,22/22,Result Declared
Jaggampeta,52,JYOTHULA NEHRU,Telugu DesamiParty Wise State TrendsLeading In:0Won In:135Trailing In:0,THOTA NARASIMHAM,"Yuvajana Sramika Rythu Congress Party
iParty Wise State TrendsLeading In:0Won In:11Trailing In:0",52676,18/18,Result Declared
Jaggayyapeta,84,RAJAGOPAL SREERAM (TATAIAH),Telugu DesamiParty Wise State TrendsLeading In:0Won In:135Trailing In:0,UDAYA BHANU SAMINENI,"Yuvajana Sramika Rythu Congress Party
iParty Wise State TrendsLeading In:0Won In:11Trailing In:0",15977,16/16,Result Declared
Jammalamadugu,131,ADINARAYANA REDDY CHADIPIRALA,Bharatiya Janata PartyiParty Wise State TrendsLeading In:0Won In:8Trailing In:0,MULE SUDHEER REDDY,"Yuvajana Sramika Rythu Congress Party
iParty Wise State TrendsLeading In:0Won In:11Trailing In:0",17191,23/23,Result Declared
Kadapa,126,MADHAVI REDDAPPA GARI,Telugu DesamiParty Wise State TrendsLeading In:0Won In:135Trailing In:0,AMZATH BASHA SHAIK BEPARI,"Yuvajana Sramika Rythu Congress Party
iParty Wise State TrendsLeading In:0Won In:11Trailing In:0",18860,21/21,Result Declared
Kadiri,161,KANDIKUNTA VENKATA PRASAD,Telugu DesamiParty Wise State TrendsLeading In:0Won In:135Trailing In:0,MAQBOOL B.S.,"Yuvajana Sramika Rythu Congress Party
iParty Wise State TrendsLeading In:0Won In:11Trailing In:0",6265,21/21,Result Declared
Kaikalur,73,KAMINENI SRINIVAS,Bharatiya Janata PartyiParty Wise State TrendsLeading In:0Won In:8Trailing In:0,DULAM NAGESWARA RAO,"Yuvajana Sramika Rythu Congress Party
iParty Wise State TrendsLeading In:0Won In:11Trailing In:0",45273,17/17,Result Declared
Kakinada City,41,VANAMADI VENKATESWARA RAO @ KONDABABU,Telugu DesamiParty Wise State TrendsLeading In:0Won In:135Trailing In:0,DWARAMPUDI CHANDRASEKHARA REDDY,"Yuvajana Sramika Rythu Congress Party
iParty Wise State TrendsLeading In:0Won In:11Trailing In:0",56572,17/17,Result Declared
Kakinada Rural,38,PANTAM VENKATESWARA RAO (PANTAM NANAJI),Janasena PartyiParty Wise State TrendsLeading In:0Won In:21Trailing In:0,KURASALA KANNA BABU,"Yuvajana Sramika Rythu Congress Party
iParty Wise State TrendsLeading In:0Won In:11Trailing In:0",72040,20/20,Result Declared
Kalyandurg,154,AMILINENI SURENDRA BABU,Telugu DesamiParty Wise State TrendsLeading In:0Won In:135Trailing In:0,TALARI RANGAIAH,"Yuvajana Sramika Rythu Congress Party
iParty Wise State TrendsLeading In:0Won In:11Trailing In:0",37734,19/19,Result Declared
Kamalapuram,130,KRISHNA CHAITANYA REDDY PUTHA,Telugu DesamiParty Wise State TrendsLeading In:0Won In:135Trailing In:0,POCHIMAREDDY RAVINDRANATH REDDY,"Yuvajana Sramika Rythu Congress Party
iParty Wise State TrendsLeading In:0Won In:11Trailing In:0",25357,18/18,Result Declared
Kandukur,109,INTURI NAGESWARA RAO,Telugu DesamiParty Wise State TrendsLeading In:0Won In:135Trailing In:0,MADHU SUDHANRAO BURRA,"Yuvajana Sramika Rythu Congress Party
iParty Wise State TrendsLeading In:0Won In:11Trailing In:0",18558,20/20,Result Declared
Kanigiri,113,DR. UGRA NARASIMHA REDDY MUKKU,Telugu DesamiParty Wise State TrendsLeading In:0Won In:135Trailing In:0,DADDALA NARAYANA,"Yuvajana Sramika Rythu Congress Party
iParty Wise State TrendsLeading In:0Won In:11Trailing In:0",14604,22/22,Result Declared
Kavali,114,DAGUMATI VENKATA KRISHNA REDDY,Telugu DesamiParty Wise State TrendsLeading In:0Won In:135Trailing In:0,RAMIREDDY PRATAP KUMAR REDDY,"Yuvajana Sramika Rythu Congress Party
iParty Wise State TrendsLeading In:0Won In:11Trailing In:0",30948,24/24,Result Declared
Kodumur (SC),143,BOGGULA DASTAGIRI,Telugu DesamiParty Wise State TrendsLeading In:0Won In:135Trailing In:0,AUDIMULAPU SATHISH,"Yuvajana Sramika Rythu Congress Party
iParty Wise State TrendsLeading In:0Won In:11Trailing In:0",21583,20/20,Result Declared
Kodur (SC),127,ARAVA SREEDHAR,Janasena PartyiParty Wise State TrendsLeading In:0Won In:21Trailing In:0,KORAMUTLA SREENIVASULU,"Yuvajana Sramika Rythu Congress Party
iParty Wise State TrendsLeading In:0Won In:11Trailing In:0",11101,18/18,Result Declared
Kondapi (SC),110,DOCTOR DOLA SREE BALA VEERANJANEYA SWAMY,Telugu DesamiParty Wise State TrendsLeading In:0Won In:135Trailing In:0,AUDIMULAPU SURESH,"Yuvajana Sramika Rythu Congress Party
iParty Wise State TrendsLeading In:0Won In:11Trailing In:0",24756,21/21,Result Declared
Kothapeta,47,BANDARU SATYANANDA RAO,Telugu DesamiParty Wise State TrendsLeading In:0Won In:135Trailing In:0,CHIRLA JAGGIREDDY,"Yuvajana Sramika Rythu Congress Party
iParty Wise State TrendsLeading In:0Won In:11Trailing In:0",56479,19/19,Result Declared
Kovur,116,PRASHANTHI REDDY VEMIREDDY,Telugu DesamiParty Wise State TrendsLeading In:0Won In:135Trailing In:0,NALLAPAREDDY PRASANNA KUMAR REDDY,"Yuvajana Sramika Rythu Congress Party
iParty Wise State TrendsLeading In:0Won In:11Trailing In:0",54583,25/25,Result Declared
Kovvur,54,MUPPIDI VENKATESWARA RAO,Telugu DesamiParty Wise State TrendsLeading In:0Won In:135Trailing In:0,TALARI VENKATA RAO,"Yuvajana Sramika Rythu Congress Party
iParty Wise State TrendsLeading In:0Won In:11Trailing In:0",33946,13/13,Result Declared
Kuppam,175,CHANDRABABU NAIDU NARA,Telugu DesamiParty Wise State TrendsLeading In:0Won In:135Trailing In:0,K.R.J. BHARATH,"Yuvajana Sramika Rythu Congress Party
iParty Wise State TrendsLeading In:0Won In:11Trailing In:0",48006,18/18,Result Declared
Kurnool,137,T.G.BHARATH,Telugu DesamiParty Wise State TrendsLeading In:0Won In:135Trailing In:0,"A. MD. IMTIAZ I.A.S., (RETD)","Yuvajana Sramika Rythu Congress Party
iParty Wise State TrendsLeading In:0Won In:11Trailing In:0",18876,19/19,Result Declared
Kurupam,11,JAGADEESWARI THOYAKA,Telugu DesamiParty Wise State TrendsLeading In:0Won In:135Trailing In:0,PAMULA PUSHPA SREEVANI,"Yuvajana Sramika Rythu Congress Party
iParty Wise State TrendsLeading In:0Won In:11Trailing In:0",23500,20/20,Result Declared
Macherla,101,JULAKANTI BRAHMANANDA REDDY,Telugu DesamiParty Wise State TrendsLeading In:0Won In:135Trailing In:0,RAMAKRISHNAREDDY. PINNELLI,"Yuvajana Sramika Rythu Congress Party
iParty Wise State TrendsLeading In:0Won In:11Trailing In:0",33318,24/24,Result Declared
Machilipatnam,75,KOLLU. RAVINDRA,Telugu DesamiParty Wise State TrendsLeading In:0Won In:135Trailing In:0,PERNI KRISHNAMURTHY (KITTU),"Yuvajana Sramika Rythu Congress Party
iParty Wise State TrendsLeading In:0Won In:11Trailing In:0",50242,15/15,Result Declared
Madakasira (SC),156,M.S.RAJU,Telugu DesamiParty Wise State TrendsLeading In:0Won In:135Trailing In:0,IRALAKKAPPA.S.L,"Yuvajana Sramika Rythu Congress Party
iParty Wise State TrendsLeading In:0Won In:11Trailing In:0",351,18/18,Result Declared
Madanapalle,164,M.SHAJAHAN BASHA,Telugu DesamiParty Wise State TrendsLeading In:0Won In:135Trailing In:0,S.NISAR AHAMAD,"Yuvajana Sramika Rythu Congress Party
iParty Wise State TrendsLeading In:0Won In:11Trailing In:0",5509,19/19,Result Declared
Madugula,27,BANDARU SATYANARAYANA MURTHY,Telugu DesamiParty Wise State TrendsLeading In:0Won In:135Trailing In:0,ANURADHA ERLI,"Yuvajana Sramika Rythu Congress Party
iParty Wise State TrendsLeading In:0Won In:11Trailing In:0",28026,17/17,Result Declared
Mandapeta,48,JOGESWARA RAO.V,Telugu DesamiParty Wise State TrendsLeading In:0Won In:135Trailing In:0,THOTA TRIMURTHULU,"Yuvajana Sramika Rythu Congress Party
iParty Wise State TrendsLeading In:0Won In:11Trailing In:0",44435,23/23,Result Declared
Mangalagiri,87,NARA LOKESH,Telugu DesamiParty Wise State TrendsLeading In:0Won In:135Trailing In:0,MURUGUDU LAVANYA,"Yuvajana Sramika Rythu Congress Party
iParty Wise State TrendsLeading In:0Won In:11Trailing In:0",91413,22/22,Result Declared
Mantralayam,145,Y. BALANAGI REDDY,Yuvajana Sramika Rythu Congress PartyiParty Wise State TrendsLeading In:0Won In:11Trailing In:0,N. RAGHAVENDRA REDDY,"Telugu Desam
iParty Wise State TrendsLeading In:0Won In:135Trailing In:0",12805,17/17,Result Declared
Markapuram,111,KANDULA NARAYANA REDDY,Telugu DesamiParty Wise State TrendsLeading In:0Won In:135Trailing In:0,ANNA RAMBABU,"Yuvajana Sramika Rythu Congress Party
iParty Wise State TrendsLeading In:0Won In:11Trailing In:0",13979,19/19,Result Declared
Mummidivaram,43,DATLA SUBBARAJU (BUCHIBABU),Telugu DesamiParty Wise State TrendsLeading In:0Won In:135Trailing In:0,PONNADA VENKATA SATISH KUMAR,"Yuvajana Sramika Rythu Congress Party
iParty Wise State TrendsLeading In:0Won In:11Trailing In:0",38736,20/20,Result Declared
Mydukur,133,SUDHAKAR PUTTA,Telugu DesamiParty Wise State TrendsLeading In:0Won In:135Trailing In:0,RAGHURAMI REDDY SETTIPALLY,"Yuvajana Sramika Rythu Congress Party
iParty Wise State TrendsLeading In:0Won In:11Trailing In:0",20950,21/21,Result Declared
Mylavaram,82,VASANTHA VENKATA KRISHNA PRASAD,Telugu DesamiParty Wise State TrendsLeading In:0Won In:135Trailing In:0,TIRAPATHIRAO SARNALA,"Yuvajana Sramika Rythu Congress Party
iParty Wise State TrendsLeading In:0Won In:11Trailing In:0",42829,22/22,Result Declared
Nagari,170,GALI BHANU PRAKASH,Telugu DesamiParty Wise State TrendsLeading In:0Won In:135Trailing In:0,R.K. ROJA,"Yuvajana Sramika Rythu Congress Party
iParty Wise State TrendsLeading In:0Won In:11Trailing In:0",45004,18/18,Result Declared
Nandigama (SC),83,TANGIRALA SOWMYA,Telugu DesamiParty Wise State TrendsLeading In:0Won In:135Trailing In:0,MONDITOKA JAGAN MOHAN RAO,"Yuvajana Sramika Rythu Congress Party
iParty Wise State TrendsLeading In:0Won In:11Trailing In:0",27395,17/17,Result Declared
Nandikotkur (SC),136,G JAYASURYA,Telugu DesamiParty Wise State TrendsLeading In:0Won In:135Trailing In:0,DARA SUDHEER,"Yuvajana Sramika Rythu Congress Party
iParty Wise State TrendsLeading In:0Won In:11Trailing In:0",9792,27/27,Result Declared
Nandyal,139,NASYAM MOHAMMED FAROOK,Telugu DesamiParty Wise State TrendsLeading In:0Won In:135Trailing In:0,SILPA RAVI CHANDRA KISHORE REDDY,"Yuvajana Sramika Rythu Congress Party
iParty Wise State TrendsLeading In:0Won In:11Trailing In:0",12333,21/21,Result Declared
Narasannapeta,8,BAGGU RAMANAMURTHY,Telugu DesamiParty Wise State TrendsLeading In:0Won In:135Trailing In:0,KRISHNADAS DHARMANA,"Yuvajana Sramika Rythu Congress Party
iParty Wise State TrendsLeading In:0Won In:11Trailing In:0",29371,21/21,Result Declared
Narasapuram,58,BOMMIDI NARAYANA NAYAKAR,Janasena PartyiParty Wise State TrendsLeading In:0Won In:21Trailing In:0,NAGARAJA VARA PRASADA RAJU MUDUNURI,"Yuvajana Sramika Rythu Congress Party
iParty Wise State TrendsLeading In:0Won In:11Trailing In:0",49738,13/13,Result Declared
Narasaraopet,97,ARAVINDA BABU CHADALAVADA,Telugu DesamiParty Wise State TrendsLeading In:0Won In:135Trailing In:0,GOPIREDDY SRINIVASA REDDY,"Yuvajana Sramika Rythu Congress Party
iParty Wise State TrendsLeading In:0Won In:11Trailing In:0",19705,18/18,Result Declared
Narsipatnam,34,AYYANNAPATRUDU CHINTAKAYALA,Telugu DesamiParty Wise State TrendsLeading In:0Won In:135Trailing In:0,UMA SANKARA GANESH PETLA,"Yuvajana Sramika Rythu Congress Party
iParty Wise State TrendsLeading In:0Won In:11Trailing In:0",24676,19/19,Result Declared
Nellimarla,17,LOKAM NAGA MADHAVI,Janasena PartyiParty Wise State TrendsLeading In:0Won In:21Trailing In:0,APPALANAIDU BADDUKONDA,"Yuvajana Sramika Rythu Congress Party
iParty Wise State TrendsLeading In:0Won In:11Trailing In:0",39829,18/18,Result Declared
Nellore City,117,NARAYANA PONGURU,Telugu DesamiParty Wise State TrendsLeading In:0Won In:135Trailing In:0,KHALEEL AHAMAD MD,"Yuvajana Sramika Rythu Congress Party
iParty Wise State TrendsLeading In:0Won In:11Trailing In:0",72489,18/18,Result Declared
Nellore Rural,118,KOTAMREDDY SRIDHAR REDDY,Telugu DesamiParty Wise State TrendsLeading In:0Won In:135Trailing In:0,ADALA PRABHAKARA REDDY,"Yuvajana Sramika Rythu Congress Party
iParty Wise State TrendsLeading In:0Won In:11Trailing In:0",34480,24/24,Result Declared
Nidadavole,55,KANDULA DURGESH,Janasena PartyiParty Wise State TrendsLeading In:0Won In:21Trailing In:0,G.SRINIVAS NAIDU,"Yuvajana Sramika Rythu Congress Party
iParty Wise State TrendsLeading In:0Won In:11Trailing In:0",33304,16/16,Result Declared
Nuzvid,70,KOLUSU PARTHA SARATHY,Telugu DesamiParty Wise State TrendsLeading In:0Won In:135Trailing In:0,MEKA VENKATA PRATAP APPARAO,"Yuvajana Sramika Rythu Congress Party
iParty Wise State TrendsLeading In:0Won In:11Trailing In:0",12378,21/21,Result Declared
Ongole,108,DAMACHARLA JANARDHANA RAO,Telugu DesamiParty Wise State TrendsLeading In:0Won In:135Trailing In:0,BALINENI SRINIVASA REDDY,"Yuvajana Sramika Rythu Congress Party
iParty Wise State TrendsLeading In:0Won In:11Trailing In:0",34026,19/19,Result Declared
Paderu,29,MATSYARASA VISWESWARA RAJU,Yuvajana Sramika Rythu Congress PartyiParty Wise State TrendsLeading In:0Won In:11Trailing In:0,ESWARI GIDDI,"Telugu Desam
iParty Wise State TrendsLeading In:0Won In:135Trailing In:0",19338,23/23,Result Declared
Palacole,57,DR.NIMMALA RAMANAIDU,Telugu DesamiParty Wise State TrendsLeading In:0Won In:135Trailing In:0,GUDALA SRI HARI GOPALA RAO (GUDALA GOPI),"Yuvajana Sramika Rythu Congress Party
iParty Wise State TrendsLeading In:0Won In:11Trailing In:0",67945,14/14,Result Declared
Palakonda,10,JAYAKRISHNA NIMMAKA,Janasena PartyiParty Wise State TrendsLeading In:0Won In:21Trailing In:0,VISWASARAYI KALAVATHI,"Yuvajana Sramika Rythu Congress Party
iParty Wise State TrendsLeading In:0Won In:11Trailing In:0",13291,21/21,Result Declared
Palamaner,174,AMARANATHA REDDY. N,Telugu DesamiParty Wise State TrendsLeading In:0Won In:135Trailing In:0,VENKATE GOWDA. N,"Yuvajana Sramika Rythu Congress Party
iParty Wise State TrendsLeading In:0Won In:11Trailing In:0",20122,21/21,Result Declared
Palasa,2,GOUTHU SIREESHA,Telugu DesamiParty Wise State TrendsLeading In:0Won In:135Trailing In:0,APPALARAJU SEEDIRI,"Yuvajana Sramika Rythu Congress Party
iParty Wise State TrendsLeading In:0Won In:11Trailing In:0",40350,21/21,Result Declared
Pamarru (SC),77,KUMAR RAJA VARLA,Telugu DesamiParty Wise State TrendsLeading In:0Won In:135Trailing In:0,ANIL KUMAR KAILE,"Yuvajana Sramika Rythu Congress Party
iParty Wise State TrendsLeading In:0Won In:11Trailing In:0",29690,17/17,Result Declared
Panyam,138,GOWRU CHARITHA REDDY,Telugu DesamiParty Wise State TrendsLeading In:0Won In:135Trailing In:0,KATASANI RAMABHUPAL REDDY,"Yuvajana Sramika Rythu Congress Party
iParty Wise State TrendsLeading In:0Won In:11Trailing In:0",40591,26/26,Result Declared
Parchur,104,YELURI SAMBASIVA RAO,Telugu DesamiParty Wise State TrendsLeading In:0Won In:135Trailing In:0,YADAM BALAJI,"Yuvajana Sramika Rythu Congress Party
iParty Wise State TrendsLeading In:0Won In:11Trailing In:0",24013,22/22,Result Declared
Parvathipuram,12,BONELA VIJAYA CHANDRA,Telugu DesamiParty Wise State TrendsLeading In:0Won In:135Trailing In:0,ALAJANGI JOGARAO,"Yuvajana Sramika Rythu Congress Party
iParty Wise State TrendsLeading In:0Won In:11Trailing In:0",24414,17/17,Result Declared
Pathapatnam,4,MAMIDI GOVINDA RAO,Telugu DesamiParty Wise State TrendsLeading In:0Won In:135Trailing In:0,REDDY SHANTHI,"Yuvajana Sramika Rythu Congress Party
iParty Wise State TrendsLeading In:0Won In:11Trailing In:0",26527,24/24,Result Declared
Pattikonda,142,K.E. SHYAM KUMAR,Telugu DesamiParty Wise State TrendsLeading In:0Won In:135Trailing In:0,KANGATI SREEDEVI,"Yuvajana Sramika Rythu Congress Party
iParty Wise State TrendsLeading In:0Won In:11Trailing In:0",14211,19/19,Result Declared
Payakaraopet,33,ANITHA VANGALAPUDI,Telugu DesamiParty Wise State TrendsLeading In:0Won In:135Trailing In:0,JOGULU KAMBALA,"Yuvajana Sramika Rythu Congress Party
iParty Wise State TrendsLeading In:0Won In:11Trailing In:0",43727,21/21,Result Declared
Pedakurapadu,85,BHASHYAM PRAVEEN,Telugu DesamiParty Wise State TrendsLeading In:0Won In:135Trailing In:0,NAMBURU SANKARA RAO,"Yuvajana Sramika Rythu Congress Party
iParty Wise State TrendsLeading In:0Won In:11Trailing In:0",21089,20/20,Result Declared
Pedana,74,KAGITHA KRISHNAPRASAD,Telugu DesamiParty Wise State TrendsLeading In:0Won In:135Trailing In:0,UPPALA RAMESH(RAMU),"Yuvajana Sramika Rythu Congress Party
iParty Wise State TrendsLeading In:0Won In:11Trailing In:0",38123,17/17,Result Declared
Peddapuram,39,CHINA RAJAPPA NIMMAKAYALA,Telugu DesamiParty Wise State TrendsLeading In:0Won In:135Trailing In:0,DAVULURI DORABABU,"Yuvajana Sramika Rythu Congress Party
iParty Wise State TrendsLeading In:0Won In:11Trailing In:0",40451,15/15,Result Declared
Penamaluru,78,BODE PRASAD,Telugu DesamiParty Wise State TrendsLeading In:0Won In:135Trailing In:0,JOGI RAMESH,"Yuvajana Sramika Rythu Congress Party
iParty Wise State TrendsLeading In:0Won In:11Trailing In:0",59915,23/23,Result Declared
Pendurthi,31,PANCHAKARLA RAMESH BABU,Janasena PartyiParty Wise State TrendsLeading In:0Won In:21Trailing In:0,ANNAMREDDY ADEEP RAJ,"Yuvajana Sramika Rythu Congress Party
iParty Wise State TrendsLeading In:0Won In:11Trailing In:0",81870,22/22,Result Declared
Penukonda,158,S. SAVITHA,Telugu DesamiParty Wise State TrendsLeading In:0Won In:135Trailing In:0,K.V. USHA SHRICHARAN,"Yuvajana Sramika Rythu Congress Party
iParty Wise State TrendsLeading In:0Won In:11Trailing In:0",33388,19/19,Result Declared
Pileru,163,NALLARI KISHAN KUMAR REDDY,Telugu DesamiParty Wise State TrendsLeading In:0Won In:135Trailing In:0,CHINTHALA RAMACHANDRA REDDY,"Yuvajana Sramika Rythu Congress Party
iParty Wise State TrendsLeading In:0Won In:11Trailing In:0",25081,21/21,Result Declared
Pithapuram,37,KONIDALA PAWAN KALYAN,Janasena PartyiParty Wise State TrendsLeading In:0Won In:21Trailing In:0,VANGA GEETHA VISWANATH,"Yuvajana Sramika Rythu Congress Party
iParty Wise State TrendsLeading In:0Won In:11Trailing In:0",70279,18/18,Result Declared
Polavaram,67,CHIRRI BALARAJU,Janasena PartyiParty Wise State TrendsLeading In:0Won In:21Trailing In:0,TELLAM RAJYA LAKSHMI,"Yuvajana Sramika Rythu Congress Party
iParty Wise State TrendsLeading In:0Won In:11Trailing In:0",7935,21/21,Result Declared
Ponnur,88,DHULIPALLA NARENDRA KUMAR,Telugu DesamiParty Wise State TrendsLeading In:0Won In:135Trailing In:0,AMBATI MURALI KRISHNA,"Yuvajana Sramika Rythu Congress Party
iParty Wise State TrendsLeading In:0Won In:11Trailing In:0",32915,19/19,Result Declared
Prathipadu,36,VARUPULA SATYA PRABHA,Telugu DesamiParty Wise State TrendsLeading In:0Won In:135Trailing In:0,VARUPULA SUBBARAO,"Yuvajana Sramika Rythu Congress Party
iParty Wise State TrendsLeading In:0Won In:11Trailing In:0",38768,17/17,Result Declared
Prathipadu (SC),93,BURLA RAMANJANEYULU,Telugu DesamiParty Wise State TrendsLeading In:0Won In:135Trailing In:0,BALASANI KIRAN KUMAR,"Yuvajana Sramika Rythu Congress Party
iParty Wise State TrendsLeading In:0Won In:11Trailing In:0",42015,22/22,Result Declared
Proddatur,132,NANDYALA VARADA RAJULA REDDY,Telugu DesamiParty Wise State TrendsLeading In:0Won In:135Trailing In:0,RACHAMALLU SIVA PRASAD REDDY,"Yuvajana Sramika Rythu Congress Party
iParty Wise State TrendsLeading In:0Won In:11Trailing In:0",22744,20/20,Result Declared
Pulivendla,129,YS JAGAN MOHAN REDDY,Yuvajana Sramika Rythu Congress PartyiParty Wise State TrendsLeading In:0Won In:11Trailing In:0,B.TECH RAVI,"Telugu Desam
iParty Wise State TrendsLeading In:0Won In:135Trailing In:0",61687,23/23,Result Declared
Punganur,165,PEDDIREDDI RAMACHANDRA REDDY,Yuvajana Sramika Rythu Congress PartyiParty Wise State TrendsLeading In:0Won In:11Trailing In:0,CHALLA RAMACHANDRA REDDY,"Telugu Desam
iParty Wise State TrendsLeading In:0Won In:135Trailing In:0",6095,19/19,Result Declared
Puthalapattu (SC),173,K MURALI MOHAN,Telugu DesamiParty Wise State TrendsLeading In:0Won In:135Trailing In:0,M SUNEEL KUMAR,"Yuvajana Sramika Rythu Congress Party
iParty Wise State TrendsLeading In:0Won In:11Trailing In:0",15634,20/20,Result Declared
Puttaparthi,159,PALLE SINDHURA REDDY,Telugu DesamiParty Wise State TrendsLeading In:0Won In:135Trailing In:0,DUDDUKUNTA SREEDHAR REDDY,"Yuvajana Sramika Rythu Congress Party
iParty Wise State TrendsLeading In:0Won In:11Trailing In:0",8760,18/18,Result Declared
Rajahmundry City,50,ADIREDDY SRINIVAS,Telugu DesamiParty Wise State TrendsLeading In:0Won In:135Trailing In:0,MARGANI BHARAT RAM,"Yuvajana Sramika Rythu Congress Party
iParty Wise State TrendsLeading In:0Won In:11Trailing In:0",71404,18/18,Result Declared
Rajahmundry Rural,51,GORANTLA BUTCHAIAH CHOUDARY,Telugu DesamiParty Wise State TrendsLeading In:0Won In:135Trailing In:0,GOPALAKRISHNA CHELLUBOYINA(VENU),"Yuvajana Sramika Rythu Congress Party
iParty Wise State TrendsLeading In:0Won In:11Trailing In:0",64090,20/20,Result Declared
Rajam,9,KONDRU MURALI MOHAN,Telugu DesamiParty Wise State TrendsLeading In:0Won In:135Trailing In:0,DR. TALE RAJESH,"Yuvajana Sramika Rythu Congress Party
iParty Wise State TrendsLeading In:0Won In:11Trailing In:0",20722,21/21,Result Declared
Rajampet,125,AKEPATI AMARNATH REDDY,Yuvajana Sramika Rythu Congress PartyiParty Wise State TrendsLeading In:0Won In:11Trailing In:0,BALA SUBRAMANYAM SUGAVASI,"Telugu Desam
iParty Wise State TrendsLeading In:0Won In:135Trailing In:0",7016,21/21,Result Declared
Rajanagaram,49,BATHULA BALARAMAKRISHNA S/O GANGARAO,Janasena PartyiParty Wise State TrendsLeading In:0Won In:21Trailing In:0,JAKKAMPUDI RAJA,"Yuvajana Sramika Rythu Congress Party
iParty Wise State TrendsLeading In:0Won In:11Trailing In:0",34049,16/16,Result Declared
Ramachandrapuram,42,VASAMSETTI. SUBASH,Telugu DesamiParty Wise State TrendsLeading In:0Won In:135Trailing In:0,PILLI SURYA PRAKASH,"Yuvajana Sramika Rythu Congress Party
iParty Wise State TrendsLeading In:0Won In:11Trailing In:0",26291,25/25,Result Declared
Rampachodavaram,53,MIRIYALA SIRISHA DEVI,Telugu DesamiParty Wise State TrendsLeading In:0Won In:135Trailing In:0,NAGULAPALLI DHANALAKSHMI,"Yuvajana Sramika Rythu Congress Party
iParty Wise State TrendsLeading In:0Won In:11Trailing In:0",9139,20/20,Result Declared
Raptadu,155,PARITALA SUNITHAMMA,Telugu DesamiParty Wise State TrendsLeading In:0Won In:135Trailing In:0,THOPUDURTHI PRAKASH REDDY,"Yuvajana Sramika Rythu Congress Party
iParty Wise State TrendsLeading In:0Won In:11Trailing In:0",23329,21/21,Result Declared
Rayachoti,128,MANDIPALLI RAMPRASAD REDDY,Telugu DesamiParty Wise State TrendsLeading In:0Won In:135Trailing In:0,GADIKOTA SRIKANTH REDDY,"Yuvajana Sramika Rythu Congress Party
iParty Wise State TrendsLeading In:0Won In:11Trailing In:0",2495,21/21,Result Declared
Rayadurg,148,KALAVA SRINIVASULU,Telugu DesamiParty Wise State TrendsLeading In:0Won In:135Trailing In:0,METTU GOVINDA REDDY,"Yuvajana Sramika Rythu Congress Party
iParty Wise State TrendsLeading In:0Won In:11Trailing In:0",41659,22/22,Result Declared
Razole,45,DEVA VARAPRASAD,Janasena PartyiParty Wise State TrendsLeading In:0Won In:21Trailing In:0,GOLLAPALLI SURYA RAO,"Yuvajana Sramika Rythu Congress Party
iParty Wise State TrendsLeading In:0Won In:11Trailing In:0",39011,16/16,Result Declared
Repalle,90,ANAGANI SATYA PRASAD,Telugu DesamiParty Wise State TrendsLeading In:0Won In:135Trailing In:0,EVURU GANESH,"Yuvajana Sramika Rythu Congress Party
iParty Wise State TrendsLeading In:0Won In:11Trailing In:0",39947,19/19,Result Declared
Salur,13,GUMMIDI SANDHYARANI,Telugu DesamiParty Wise State TrendsLeading In:0Won In:135Trailing In:0,RAJANNA DORA PEEDIKA,"Yuvajana Sramika Rythu Congress Party
iParty Wise State TrendsLeading In:0Won In:11Trailing In:0",13733,18/18,Result Declared
Santhanuthalapadu (SC),107,VIJAY KUMAR B.N,Telugu DesamiParty Wise State TrendsLeading In:0Won In:135Trailing In:0,NAGARJUNA MERUGU,"Yuvajana Sramika Rythu Congress Party
iParty Wise State TrendsLeading In:0Won In:11Trailing In:0",30385,20/20,Result Declared
Sarvepalli,119,CHANDRA MOHAN REDDY SOMIREDDY,Telugu DesamiParty Wise State TrendsLeading In:0Won In:135Trailing In:0,KAKANI GOVARDHAN REDDY,"Yuvajana Sramika Rythu Congress Party
iParty Wise State TrendsLeading In:0Won In:11Trailing In:0",16288,21/21,Result Declared
Sattenapalle,98,KANNA LAKSHMINARAYANA,Telugu DesamiParty Wise State TrendsLeading In:0Won In:135Trailing In:0,AMBATI RAMBABU,"Yuvajana Sramika Rythu Congress Party
iParty Wise State TrendsLeading In:0Won In:11Trailing In:0",27836,21/21,Result Declared
